date,symbol,side,entry,stop,target,exit,poc,vah,val,outcome,R
2026-03-25,BTCUSDT,long,71651.9,71480.08208000001,71846.79325,71480.08208000001,71846.79325,71911.747,71747.1975,loss,-1.500426730809025
2026-03-25,ETHUSDT,long,2186.14,2180.909,2189.21625,2189.21625,2189.21625,2195.3775,2187.8250000000003,win,0.08657656279871788
2026-03-25,SOLUSDT,long,92.83,92.67364,93.274875,92.67364,93.274875,93.363,93.175,loss,-1.7124328472755532
2026-03-25,BNBUSDT,long,649.92,649.0153300000001,651.942625,649.0153300000001,651.942625,652.5292499999999,650.995,loss,-1.8620867277571813
2026-03-25,XRPUSDT,long,1.42,1.4179906500000001,1.42614625,1.4179906500000001,1.42614625,1.4285525,1.4243175,loss,-1.8480354343445247
2026-03-26,BTCUSDT,short,69793.0,69912.388725,69296.22062499999,69296.22062499999,69296.22062499999,69399.1425,69267.4025,win,3.459520779705311
2026-03-26,ETHUSDT,short,2088.97,2093.48622,2072.4392500000004,2072.4392500000004,2072.4392500000004,2077.171,2070.862,win,3.1052486371344883
2026-03-26,SOLUSDT,short,88.14,88.26410999999999,87.51225,87.51225,87.51225,87.627,87.34349999999999,win,4.205801305294163
2026-03-26,BNBUSDT,short,632.1,633.01635,629.5543749999999,629.5543749999999,629.5543749999999,630.0665,628.6205,win,1.9502428111531107
2026-03-26,XRPUSDT,short,1.381,1.3834914,1.37504125,1.37504125,1.37504125,1.3757275,1.3723725,win,1.726559364212875
2026-03-27,BTCUSDT,long,66238.62,66199.6836,66535.0005,66199.6836,66535.0005,66711.307,66435.349,loss,-3.041440502974531
2026-03-27,ETHUSDT,long,1973.76,1970.87407,1987.18225,1987.18225,1987.18225,1989.4940000000001,1976.9445,win,3.8302169491291878
2026-03-27,SOLUSDT,short,83.27,83.40168,83.1125,83.1125,83.1125,83.225,82.8,win,0.43724179829888815
2026-03-27,BNBUSDT,long,608.63,608.065815,610.222125,608.065815,610.222125,610.7025,609.208,loss,-2.2945328216809413
2026-03-27,XRPUSDT,short,1.3406,1.3414704,1.3319425,1.3414704,1.3319425,1.339065,1.3282850000000002,loss,-2.8482536764707205
2026-03-28,BTCUSDT,short,67242.88,67322.58447,66960.91437500001,66960.91437500001,66960.91437500001,67163.99,66704.8625,win,2.5252557227970374
2026-03-28,ETHUSDT,short,2036.76,2041.2801299999999,2004.27225,2019.1,2004.27225,2032.8705,2002.59,timeout,3.3662500857277293
2026-03-28,SOLUSDT,short,83.8,84.20208,83.0145,84.20208,83.0145,83.691,82.866,loss,-1.2500994826900131
2026-03-28,BNBUSDT,long,614.91,614.4026450000001,616.826875,616.826875,616.826875,618.53,615.12375,win,2.3237831498661854
2026-03-28,XRPUSDT,short,1.3531,1.35537735,1.34084125,1.35537735,1.34084125,1.3517425,1.3402,loss,-1.712986585285543
2026-03-29,BTCUSDT,long,66620.35,66565.490605,66668.94125,66565.490605,66668.94125,66685.36750000001,66637.05500000001,loss,-2.4572603288824113
2026-03-29,ETHUSDT,long,1990.45,1989.0649700000001,1991.584625,1989.0649700000001,1991.584625,1992.3185,1991.237,loss,-2.7245402626658963
2026-03-29,SOLUSDT,long,81.96,81.889035,82.028875,82.028875,82.028875,82.05225,81.9885,win,-0.41537377580497253
2026-03-29,BNBUSDT,long,610.45,610.0748100000001,610.78375,610.0748100000001,610.78375,610.9325,610.7049999999999,loss,-2.9524507582826005
2026-03-29,XRPUSDT,long,1.3277,1.32683625,1.3284875,1.32683625,1.3284875,1.3292300000000001,1.3281850000000002,loss,-2.844561505064775
2026-03-30,BTCUSDT,long,67684.5,67593.62628000001,67928.77549999999,67593.62628000001,67928.77549999999,68016.839,67790.39,loss,-1.8937831531493385
2026-03-30,ETHUSDT,long,2066.59,2063.937515,2072.654875,2063.937515,2072.654875,2076.34375,2069.5125000000003,loss,-1.934937615104302
2026-03-30,SOLUSDT,long,84.23,84.087935,84.490625,84.087935,84.490625,84.74,84.284,loss,-1.7114771407454217
2026-03-30,BNBUSDT,long,616.81,616.061815,618.4143750000001,616.061815,618.4143750000001,618.80625,617.76125,loss,-1.9892900819985402
2026-03-30,XRPUSDT,long,1.3482,1.3465264000000001,1.35322625,1.3465264000000001,1.35322625,1.35383,1.350035,loss,-1.966682600382443
2026-03-31,BTCUSDT,short,67354.55,67443.705,66885.45874999999,67443.705,66885.45874999999,67053.7385,66810.023,loss,-1.906572373955483
2026-03-31,ETHUSDT,short,2076.47,2080.67982,2061.841,2080.67982,2061.841,2067.3540000000003,2060.798,loss,-1.5918932400910202
2026-03-31,SOLUSDT,short,81.92,82.08102,81.1975,82.08102,81.1975,81.376,81.087,loss,-1.6105080114271766
2026-03-31,BNBUSDT,short,612.9,614.056875,608.189625,614.056875,608.189625,609.4522499999999,607.95075,loss,-1.6357471636952923
2026-03-31,XRPUSDT,short,1.3273,1.3288640999999999,1.32261625,1.3288640999999999,1.32261625,1.323385,1.3209250000000001,loss,-2.018323636596153
2026-04-01,BTCUSDT,short,68800.0,68834.4,68519.23574999999,68834.4,68519.23574999999,68624.0685,68090.3745,loss,-3.4000000000004063
2026-04-01,ETHUSDT,short,2135.04,2138.6487899999997,2130.324375,2130.324375,2130.324375,2133.9805,2114.70275,win,0.5967587473917725
2026-04-01,SOLUSDT,short,83.44,83.60177999999999,83.17175,83.17175,83.17175,83.38,82.64500000000001,win,1.0392013845963772
2026-04-01,BNBUSDT,long,611.35,609.8049450000001,614.52025,614.52025,614.52025,615.791,612.5020000000001,win,1.5770506551547447
2026-04-01,XRPUSDT,long,1.3468,1.3457268000000002,1.35241875,1.35241875,1.35241875,1.354,1.3473875,win,3.7295844204256867
2026-04-02,BTCUSDT,short,66138.09,66219.07298999999,65851.69649999999,66219.07298999999,65851.69649999999,65924.80799999999,65738.70599999999,loss,-1.9800293617216438
2026-04-02,ETHUSDT,short,2030.28,2034.35667,2021.394875,2034.35667,2021.394875,2024.9202500000001,2017.8695,loss,-1.5976289471554104
2026-04-02,SOLUSDT,short,77.53,77.628795,76.9415,77.628795,76.9415,77.206,76.723,loss,-1.9417075762943896
2026-04-02,BNBUSDT,short,572.55,573.2864999999999,570.72675,573.2864999999999,570.72675,572.1080000000001,570.4505,loss,-1.9328716904277259
2026-04-02,XRPUSDT,short,1.2868,1.2877435499999998,1.28217625,1.2877435499999998,1.28217625,1.28485,1.2808975,loss,-2.6365428435166733
2026-04-03,BTCUSDT,short,66680.32,66713.670165,66600.74437500001,66600.74437500001,66600.74437500001,66658.95025,66593.97625,win,-0.013216096532127524
2026-04-03,ETHUSDT,short,2048.8,2049.9744749999995,2047.273625,2047.273625,2047.273625,2048.384,2046.79775,win,-0.7937035696803888
2026-04-03,SOLUSDT,short,79.53,79.58977499999999,79.441375,79.441375,79.441375,79.452,79.37549999999999,win,-0.1139439565034528
2026-04-03,BNBUSDT,short,586.47,586.783245,585.720125,585.720125,585.720125,585.9505,585.4412500000001,win,0.14720426503211095
2026-04-03,XRPUSDT,long,1.3166,1.3143425,1.31782125,1.31782125,1.31782125,1.3181375,1.3169875,win,-0.15887929125140401
2026-04-04,BTCUSDT,long,67077.28,67041.58244,67103.22312499999,67103.22312499999,67103.22312499999,67242.1225,67101.15,win,-1.5281047500167662
2026-04-04,ETHUSDT,short,2053.59,2056.0274999999997,2050.053875,2050.053875,2050.053875,2052.90925,2050.0,win,0.43971979487191126
2026-04-04,SOLUSDT,long,80.01,79.89003500000001,80.149,79.89003500000001,80.149,80.26,80.098,loss,-1.800333430583964
2026-04-04,BNBUSDT,long,589.78,589.48511,590.50875,590.50875,590.50875,590.89,589.9749999999999,win,0.07126047000573202
2026-04-04,XRPUSDT,short,1.3105,1.3111552499999999,1.3084275,1.3084275,1.3084275,1.31,1.3083,win,0.7629149179702549
2026-04-05,BTCUSDT,short,66871.09,66951.489015,66815.59737500001,66951.489015,66815.59737500001,66845.5205,66781.6845,loss,-1.9980881979710485
2026-04-05,ETHUSDT,short,2033.42,2037.3581699999997,2029.832625,2037.3581699999997,2029.832625,2030.88075,2027.80625,loss,-1.619603521432595
2026-04-05,SOLUSDT,short,79.21,79.289625,78.80975000000001,79.289625,78.80975000000001,78.8905,78.6625,loss,-2.1937456828884323
2026-04-05,BNBUSDT,short,588.97,589.51461,587.3625,589.51461,587.3625,587.936,587.13,loss,-2.297743339270493
2026-04-05,XRPUSDT,short,1.2876,1.2930461999999998,1.2862787500000001,1.2862787500000001,1.2862787500000001,1.286925,1.2842225,win,-0.04110572509273814
2026-04-06,BTCUSDT,long,69202.38,69129.27807,69302.008375,69302.008375,69302.008375,69463.39975,69235.09,win,0.22688209463141712
2026-04-06,ETHUSDT,long,2138.63,2137.29082,2141.79125,2141.79125,2141.79125,2146.8224999999998,2140.785,win,0.4442225839693951
2026-04-06,SOLUSDT,long,82.24,82.148905,82.331375,82.331375,82.331375,82.5625,82.30449999999999,win,-0.08027882979308426
2026-04-06,BNBUSDT,short,606.49,607.26348,605.7535,605.7535,605.7535,606.268,605.19,win,0.011263381082870597
2026-04-06,XRPUSDT,short,1.3482,1.3488741,1.3445925,1.3488741,1.3445925,1.34742,1.343795,loss,-3.400000000000357
2026-04-07,BTCUSDT,long,68231.99,68194.71558500001,68431.47662500001,68194.71558500001,68431.47662500001,68494.65075,68405.46375,loss,-3.196637774194881
2026-04-07,ETHUSDT,long,2074.97,2073.46275,2081.1115,2081.1115,2081.1115,2083.367,2078.8559999999998,win,2.4226478686355994
2026-04-07,SOLUSDT,long,78.87,78.830565,79.0505,79.0505,79.0505,79.11000000000001,78.98400000000001,win,2.1771522758970603
2026-04-07,BNBUSDT,long,597.75,596.6515250000001,598.4736250000001,596.6515250000001,598.4736250000001,598.69775,598.0050000000001,loss,-1.6529961992763325
2026-04-07,XRPUSDT,long,1.3048,1.3041476,1.3075350000000001,1.3041476,1.3075350000000001,1.3086900000000001,1.3070400000000002,loss,-3.4000000000004182
2026-04-08,BTCUSDT,long,71589.08,71536.77372,71743.218875,71743.218875,71743.218875,72132.425,71660.66,win,1.3044701133400909
2026-04-08,ETHUSDT,long,2223.5,2221.3687600000003,2238.150375,2221.3687600000003,2238.150375,2251.9185,2234.61,loss,-2.25194722321295
2026-04-08,SOLUSDT,long,83.92,83.868045,84.08800000000001,84.08800000000001,84.08800000000001,84.436,83.98,win,1.2952747570012084
2026-04-08,BNBUSDT,long,606.5,606.1867550000001,610.2025,610.2025,610.2025,611.163,608.903,win,9.496400581016694
2026-04-08,XRPUSDT,long,1.3745,1.3736128500000002,1.3833775,1.3736128500000002,1.3833775,1.385055,1.37804,loss,-2.8592120836389605
2026-04-09,BTCUSDT,long,70741.48,70700.41211,70892.64725000001,70700.41211,70892.64725000001,71043.713,70833.1365,loss,-3.0670595932739237
2026-04-09,ETHUSDT,long,2163.14,2160.7990600000003,2172.077,2160.7990600000003,2172.077,2174.9719999999998,2166.866,loss,-2.108857125770183
2026-04-09,SOLUSDT,long,81.74,81.63916000000002,82.06162499999999,81.63916000000002,82.06162499999999,82.16075000000001,81.88625,loss,-1.9727092423643657
2026-04-09,BNBUSDT,long,600.52,600.01984,601.0805,600.01984,601.0805,601.796,600.736,loss,-2.4407869481767643
2026-04-09,XRPUSDT,long,1.3279,1.32703615,1.3297400000000001,1.32703615,1.3297400000000001,1.331,1.3289600000000001,loss,-2.8446258030908163
2026-04-10,BTCUSDT,short,72263.28,72339.7518,72007.86374999999,72339.7518,72007.86374999999,72154.45999999999,71899.51,loss,-2.1339596557162346
2026-04-10,ETHUSDT,short,2222.72,2224.1115,2213.609125,2224.1115,2213.609125,2216.66275,2208.4,loss,-2.9168264462807456
2026-04-10,SOLUSDT,short,84.22,84.36215999999999,83.723875,84.36215999999999,83.723875,83.9995,83.59,loss,-1.7109172763084355
2026-04-10,BNBUSDT,short,604.04,604.392045,601.123625,604.392045,601.123625,602.65675,601.04,loss,-3.0589640528904436
2026-04-10,XRPUSDT,short,1.3438,1.3450722,1.34043125,1.3450722,1.34043125,1.34165,1.3380875,loss,-2.2675365508569483
2026-04-11,BTCUSDT,short,72669.27,72742.353,72624.88325,72624.88325,72624.88325,72654.28899999999,72592.018,win,-0.5858595569420472
2026-04-11,ETHUSDT,short,2240.58,2242.5907349999998,2238.938875,2238.938875,2238.938875,2239.65875,2237.44375,win,-0.5209890910537595
2026-04-11,SOLUSDT,short,84.15,84.2421,84.122375,84.122375,84.122375,84.146,84.05675,win,-0.7964712269273532
2026-04-11,BNBUSDT,short,604.77,605.332515,604.047375,605.332515,604.047375,604.486,603.91125,loss,-2.2901415962241876
2026-04-11,XRPUSDT,short,1.3444,1.3454724,1.34145125,1.3454724,1.34145125,1.3418275000000002,1.34043,loss,-2.5043640432674747
2026-04-12,BTCUSDT,long,70908.03,70856.77389000001,70984.57949999999,70984.57949999999,70984.57949999999,71036.055,70955.98199999999,win,-0.16661693601032831
2026-04-12,ETHUSDT,long,2187.02,2184.077415,2190.53525,2184.077415,2190.53525,2193.602,2189.372,loss,-1.8918770400855693
2026-04-12,SOLUSDT,short,82.05,82.12104,81.918,81.918,81.918,81.97,81.794,win,0.4721283783782723
2026-04-12,BNBUSDT,long,591.34,590.86442,591.920625,591.920625,591.920625,592.3975,591.7162500000001,win,-0.2712119937761245
2026-04-12,XRPUSDT,long,1.3249,1.3237378000000002,1.33031125,1.3237378000000002,1.33031125,1.3314375,1.32786,loss,-2.3679917398040793
2026-04-13,BTCUSDT,short,71480.0,71736.67041,71038.144125,71736.67041,71038.144125,71145.378,70951.33575,loss,-1.3341873338652397
2026-04-13,ETHUSDT,short,2203.82,2214.94692,2189.819125,2214.94692,2189.819125,2192.6255,2183.127,loss,-1.2376743968681425
2026-04-13,SOLUSDT,short,83.34,83.64179999999999,82.52587500000001,83.64179999999999,82.52587500000001,82.60875,82.34100000000001,loss,-1.3313717693837133
2026-04-13,BNBUSDT,short,598.68,600.1499249999999,596.986625,600.1499249999999,596.986625,597.2937499999999,596.15975,loss,-1.4887433032297601
2026-04-13,XRPUSDT,short,1.3375,1.34197065,1.33171625,1.34197065,1.33171625,1.3328,1.3293575,loss,-1.3590081979130535
2026-04-14,BTCUSDT,short,75366.83,75438.35032499999,74879.91625,75438.35032499999,74879.91625,75185.7025,74703.8575,loss,-2.264538381222571
2026-04-14,ETHUSDT,long,2382.73,2377.020895,2389.6449999999995,2389.6449999999995,2389.6449999999995,2394.87,2384.97,win,0.7103957625581548
2026-04-14,SOLUSDT,short,87.31,87.433695,86.66749999999999,86.66749999999999,86.66749999999999,86.92999999999999,86.22999999999999,win,4.347208860503834
2026-04-14,BNBUSDT,short,622.07,622.521105,617.5553749999999,622.521105,617.5553749999999,618.61625,616.40225,loss,-2.6547899047894092
2026-04-14,XRPUSDT,short,1.3917,1.3932963,1.3783175,1.3932963,1.3783175,1.3822699999999999,1.3753849999999999,loss,-2.046194324375048
2026-04-15,BTCUSDT,long,73848.82,73780.321385,74132.5,74132.5,74132.5,74292.12,73959.0,win,2.8476694893755363
2026-04-15,ETHUSDT,long,2319.6,2316.38123,2325.0231249999997,2325.0231249999997,2325.0231249999997,2331.1727499999997,2322.44425,win,0.8200663607526607
2026-04-15,SOLUSDT,long,83.35,83.26834500000001,83.50725,83.50725,83.50725,83.6015,83.3695,win,0.7008756352950375
2026-04-15,BNBUSDT,short,617.8,618.499095,617.1903750000001,618.499095,617.1903750000001,617.67225,616.90125,loss,-2.060456733348028
2026-04-15,XRPUSDT,short,1.3673,1.3682838,1.36473125,1.36473125,1.36473125,1.366275,1.363025,win,0.9432709900386544
2026-04-16,BTCUSDT,long,73432.33,73363.79975,74819.0785,73363.79975,74819.0785,75030.39,74635.03300000001,loss,-2.2858379474758217
2026-04-16,ETHUSDT,long,2299.03,2295.8515,2337.0175,2295.8515,2337.0175,2343.615,2332.24,loss,-1.8679679093912265
2026-04-16,SOLUSDT,long,84.05,83.928015,85.616875,83.928015,85.616875,85.85249999999999,85.56,loss,-1.8268229700373328
2026-04-16,BNBUSDT,long,615.69,615.07231,622.1782499999999,615.07231,622.1782499999999,622.539,621.54,loss,-2.19611455584509
2026-04-16,XRPUSDT,long,1.4013,1.3993,1.42830375,1.3993,1.42830375,1.4301949999999999,1.4264125,loss,-1.8407799999999992
2026-04-17,BTCUSDT,short,77284.94,77393.167245,76519.66925,77393.167245,76519.66925,76629.4575,76190.3045,loss,-1.8569184958925862
2026-04-17,ETHUSDT,short,2436.48,2441.670225,2400.008875,2441.670225,2400.008875,2409.6745,2391.1165,loss,-1.5633235553372151
2026-04-17,SOLUSDT,short,90.03,90.16506,89.076125,90.16506,89.076125,89.47125,88.899,loss,-1.7999111505997587
2026-04-17,BNBUSDT,short,642.89,643.7216999999999,638.46,643.7216999999999,638.46,640.5600000000001,637.2,loss,-1.927579656126057
2026-04-17,XRPUSDT,short,1.4883,1.4916454499999998,1.4784199999999998,1.4916454499999998,1.4784199999999998,1.4871,1.47086,loss,-1.5338474644666857
2026-04-18,BTCUSDT,short,76144.9,76209.36563999999,76010.5675,76010.5675,76010.5675,76096.53,75909.655,win,0.666380105743043
2026-04-18,ETHUSDT,short,2356.54,2358.768795,2350.4193750000004,2350.4193750000004,2350.4193750000004,2352.602,2348.007,win,1.477379929513292
2026-04-18,SOLUSDT,short,86.79,86.86340999999999,86.510625,86.510625,86.510625,86.6375,86.41,win,2.3869636289340184
2026-04-18,BNBUSDT,short,633.6,634.15692,632.8734999999999,632.8734999999999,632.8734999999999,633.46,632.0319999999999,win,-0.06072685484432161
2026-04-18,XRPUSDT,short,1.4383,1.4393193,1.4335200000000001,1.4335200000000001,1.4335200000000001,1.43472,1.43152,win,2.996213087412554
2026-04-19,BTCUSDT,long,75926.01,75872.94455,75998.16587499999,75872.94455,75998.16587499999,76026.57574999999,75969.756,loss,-2.71695918907706
2026-04-19,ETHUSDT,long,2338.28,2336.101365,2340.6357500000004,2340.6357500000004,2340.6357500000004,2341.7700000000004,2339.5015000000003,win,-0.20663672437089528
2026-04-19,SOLUSDT,long,86.19,86.04695500000001,86.4,86.4,86.4,86.55,86.298,win,0.7450242930547589
2026-04-19,BNBUSDT,long,625.03,624.5775550000001,625.29,625.29,625.29,625.64,625.24,win,-1.0830841317731872
2026-04-19,XRPUSDT,long,1.4378,1.4350821,1.43902125,1.43902125,1.43902125,1.4402325,1.43832,win,-0.18547775856361884
2026-04-20,BTCUSDT,short,75524.11,75618.77049,75240.24625,75618.77049,75240.24625,75290.585,74988.5525,loss,-1.95741034089307
2026-04-20,ETHUSDT,long,2305.18,2300.98893,2312.705375,2312.705375,2312.705375,2317.307,2309.4185,win,1.135547485487079
2026-04-20,SOLUSDT,short,85.6,85.84289999999999,85.15437499999999,85.15437499999999,85.15437499999999,85.37375,85.04875,win,1.411712638946145
2026-04-20,BNBUSDT,short,625.82,626.783235,625.3868749999999,625.3868749999999,625.3868749999999,625.7842499999999,624.77275,win,-0.32999112366129524
2026-04-20,XRPUSDT,short,1.4246,1.4282137499999998,1.4216,1.4216,1.4216,1.4233,1.4201,win,0.3571027326185274
2026-04-21,BTCUSDT,short,76178.83,76338.88036499999,75897.06975,76338.88036499999,75897.06975,76013.4675,75802.84300000001,loss,-1.5711614340898674
2026-04-21,ETHUSDT,short,2310.48,2314.886865,2305.297125,2305.297125,2305.297125,2308.77575,2302.637,win,0.546941873644872
2026-04-21,SOLUSDT,short,85.7,85.89292499999999,85.44437500000001,85.89292499999999,85.44437500000001,85.49249999999999,85.3275,loss,-1.5330568873915058
2026-04-21,BNBUSDT,short,632.27,632.7362099999999,631.516875,631.516875,631.516875,631.97625,631.0575,win,-0.012009609403586875
2026-04-21,XRPUSDT,short,1.4332,1.4350171499999997,1.4312375,1.4312375,1.4312375,1.432725,1.430275,win,0.13353878325956997
2026-04-22,BTCUSDT,short,78746.27,78812.9868,78463.254625,78812.9868,78463.254625,78604.48825,78399.943,loss,-2.4163677514510216
2026-04-22,ETHUSDT,short,2417.4,2418.6086999999998,2409.007625,2418.6086999999998,2409.007625,2414.23575,2406.2889999999998,loss,-3.400000000000635
2026-04-22,SOLUSDT,short,89.04,89.17456499999999,88.755,89.17456499999999,88.755,88.944,88.65,loss,-1.7940251922863695
2026-04-22,BNBUSDT,long,645.43,645.05731,650.163875,645.05731,650.163875,653.1510000000001,646.3975,loss,-3.078177573855389
2026-04-22,XRPUSDT,short,1.4593,1.4609301,1.45453375,1.4609301,1.45453375,1.45579,1.4519375,loss,-2.074265382491966
2026-04-23,BTCUSDT,long,77421.42,77341.23004000001,77609.02712500001,77609.02712500001,77609.02712500001,77619.73775,77546.9055,win,1.180963564516341
2026-04-23,ETHUSDT,long,2316.01,2314.072385,2322.872125,2322.872125,2322.872125,2324.81275,2321.242,win,2.1071848638656623
2026-04-23,SOLUSDT,long,85.66,85.527215,85.81025,85.81025,85.81025,85.8515,85.7745,win,0.3574048273524898
2026-04-23,BNBUSDT,short,635.99,636.307995,634.9200000000001,634.9200000000001,634.9200000000001,635.13,634.75,win,0.96483278038944
2026-04-23,XRPUSDT,long,1.4149,1.41359285,1.41627,1.41627,1.41627,1.41702,1.41582,win,-0.25083578778265087
2026-04-24,BTCUSDT,long,78004.95,77946.937035,78182.214,77946.937035,78182.214,78263.16,78131.248,loss,-2.6135348365662265
2026-04-24,ETHUSDT,long,2313.06,2310.6041200000004,2321.659375,2310.6041200000004,2321.659375,2323.6459999999997,2320.36375,loss,-2.13021483134377
2026-04-24,SOLUSDT,long,85.98,85.907025,86.177,85.907025,86.177,86.276,86.144,loss,-2.4138540596094633
2026-04-24,BNBUSDT,long,637.7,637.24122,638.599875,637.24122,638.599875,638.91225,638.347,loss,-2.667989014342215
2026-04-24,XRPUSDT,long,1.4344,1.43358285,1.4375375,1.43358285,1.4375375,1.438725,1.43685,loss,-3.1064431254976124
2026-04-25,BTCUSDT,short,77690.64,77730.075615,77634.420125,77730.075615,77634.420125,77676.82,77619.084,loss,-3.364075417614563
2026-04-25,ETHUSDT,short,2317.63,2319.03894,2315.850125,2315.850125,2315.850125,2316.54725,2315.8289999999997,win,-0.7106626258037717
2026-04-25,SOLUSDT,short,86.64,86.70333,86.551125,86.551125,86.551125,86.61125,86.53975,win,-0.23832306963524336
2026-04-25,BNBUSDT,long,632.74,632.413635,633.145625,633.145625,633.145625,633.4962499999999,633.05,win,-1.0836425474545464
2026-04-25,XRPUSDT,long,1.43,1.429285,1.4309037500000001,1.4309037500000001,1.4309037500000001,1.431925,1.430595,win,-1.136013986013668
2026-04-26,BTCUSDT,short,78015.47,78054.477735,77957.647375,77957.647375,77957.647375,77988.69325,77923.64475,win,-0.917662586664073
2026-04-26,ETHUSDT,short,2335.25,2337.1679999999997,2334.37025,2334.37025,2334.37025,2334.6565,2332.3665,win,-1.0023722627738672
2026-04-26,SOLUSDT,short,86.27,86.36316,86.09125,86.36316,86.09125,86.193,86.0555,loss,-2.1112494632889955
2026-04-26,BNBUSDT,short,631.51,631.885785,631.3743750000001,631.3743750000001,631.3743750000001,631.452,631.19325,win,-1.6556994025839307
2026-04-26,XRPUSDT,long,1.4241,1.42278825,1.424595,1.424595,1.424595,1.42482,1.42425,win,-0.9254202401371577
2026-04-27,BTCUSDT,short,77897.76,77954.407725,77826.69437499999,77954.407725,77826.69437499999,77864.905,77686.58875,loss,-2.65015121083849
2026-04-27,ETHUSDT,long,2311.46,2302.42821,2315.278625,2315.278625,2315.278625,2316.5615000000003,2313.06275,win,0.11568836299336936
2026-04-27,SOLUSDT,long,85.13,84.67764,85.25049999999999,85.25049999999999,85.25049999999999,85.29599999999999,85.16999999999999,win,0.04055177292420371
2026-04-27,BNBUSDT,long,625.72,623.857915,626.585,626.585,626.585,626.78,626.3000000000001,win,0.061294731443521856
2026-04-27,XRPUSDT,long,1.4025,1.3978007500000003,1.40742125,1.40742125,1.40742125,1.4090775,1.4066925,win,0.6890993243602939
2026-04-28,BTCUSDT,long,76128.14,76061.95,76272.39262500001,76272.39262500001,76272.39262500001,76335.15025,76157.95225,win,0.799197114367826
2026-04-28,ETHUSDT,short,2276.23,2282.52069,2271.9352500000005,2271.9352500000005,2271.9352500000005,2274.736,2267.487,win,0.24850596675398298
2026-04-28,SOLUSDT,long,83.37,83.23836,83.67399999999999,83.23836,83.67399999999999,83.776,83.428,loss,-1.7599817684594095
2026-04-28,BNBUSDT,long,621.83,621.44912,622.223875,622.223875,622.223875,622.65375,621.92975,win,-0.9250183784918511
2026-04-28,XRPUSDT,long,1.3765,1.37481225,1.3816899999999999,1.37481225,1.3816899999999999,1.38274,1.38008,loss,-1.9786994519329897
2026-04-29,BTCUSDT,long,76590.46,76505.238245,76693.902375,76505.238245,76693.902375,76842.86025,76617.1665,loss,-2.078463497964734
2026-04-29,ETHUSDT,short,2303.03,2306.302575,2297.41425,2297.41425,2297.41425,2302.9995,2293.86,win,0.8715198276587774
2026-04-29,SOLUSDT,short,83.99,84.072015,83.87887500000001,83.87887500000001,83.87887500000001,83.981,83.81975,win,0.12603791989254715
2026-04-29,BNBUSDT,short,622.18,622.7112,621.2620000000001,621.2620000000001,621.2620000000001,622.006,620.71,win,0.32263554216846513
2026-04-29,XRPUSDT,short,1.3758,1.37778855,1.374535,1.374535,1.374535,1.37551,1.37304,win,-0.19409117195953488
2026-04-30,BTCUSDT,short,76516.7,76621.94182499999,76149.215,76149.215,76149.215,76512.38,76116.2,win,2.6193479636069275
2026-04-30,ETHUSDT,long,2254.98,2244.69709,2267.8931249999996,2267.8931249999996,2267.8931249999996,2270.265,2259.915,win,0.9926323385111491
2026-04-30,SOLUSDT,short,83.32,83.46171,83.055875,83.055875,83.055875,83.3155,82.88,win,1.1582880530660433
2026-04-30,BNBUSDT,long,614.44,613.2732100000001,615.31475,615.31475,615.31475,616.3625,614.9655,win,0.11777783491455193
2026-04-30,XRPUSDT,short,1.3701,1.37358645,1.3672849999999999,1.3672849999999999,1.3672849999999999,1.36878,1.36533,win,0.3358373130262297
2026-05-01,BTCUSDT,short,78781.62,78927.44399999999,78443.801125,78443.801125,78443.801125,78539.25,78237.8325,win,1.6683188706934968
2026-05-01,ETHUSDT,short,2318.18,2322.0304349999997,2314.204875,2314.204875,2314.204875,2317.56,2309.0992499999998,win,0.30991537319808965
2026-05-01,SOLUSDT,short,84.7,84.86240999999998,84.503625,84.503625,84.503625,84.58225,84.3325,win,0.5833076780987315
2026-05-01,BNBUSDT,short,622.16,623.001345,620.9095,620.9095,620.9095,621.361,620.2,win,0.5989314728202583
2026-05-01,XRPUSDT,short,1.3971,1.39939935,1.3931325,1.39939935,1.3931325,1.3947,1.391235,loss,-1.7291277969861294
2026-05-02,BTCUSDT,short,78343.49,78386.21351999999,78307.03575,78386.21351999999,78307.03575,78328.8985,78304.92,loss,-3.2004785186247062
2026-05-02,ETHUSDT,short,2308.18,2309.584215,2307.4529999999995,2307.4529999999995,2307.4529999999995,2308.1659999999997,2307.1119999999996,win,-1.4547743757185696
2026-05-02,SOLUSDT,long,83.91,83.848055,83.94062500000001,83.94062500000001,83.94062500000001,83.962,83.91925,win,-1.1311163128580448
2026-05-02,BNBUSDT,short,616.97,617.318505,616.6468749999999,617.318505,616.6468749999999,616.68625,616.50625,loss,-3.1243999368736306
2026-05-02,XRPUSDT,short,1.3919,1.392696,1.39047875,1.392696,1.39047875,1.3909775,1.39036,loss,-3.098341708542663
2026-05-03,BTCUSDT,short,78726.02,78825.34297499999,78664.33687500001,78664.33687500001,78664.33687500001,78703.74,78651.2025,win,-0.3301159575617622
2026-05-03,ETHUSDT,long,2322.21,2321.0488950000004,2326.547375,2326.547375,2326.547375,2327.3,2322.44975,win,1.3355579383436416
2026-05-03,SOLUSDT,short,84.2,84.272115,84.13075,84.13075,84.13075,84.15,84.03450000000001,win,-0.4408236843930498
2026-05-03,BNBUSDT,short,619.05,619.4295599999999,618.608,619.4295599999999,618.608,618.722,618.47,loss,-2.9571609231743587
2026-05-03,XRPUSDT,short,1.3953,1.3966979999999998,1.3946749999999999,1.3946749999999999,1.3946749999999999,1.39515,1.39415,win,-0.7506151645207877
2026-05-04,BTCUSDT,long,78776.87,78710.625,78997.721125,78710.625,78997.721125,79111.0885,78946.1905,loss,-2.427009495056331
2026-05-04,ETHUSDT,long,2335.94,2333.1328500000004,2338.180125,2338.180125,2338.180125,2343.02325,2337.85725,win,-0.20056035480835194
2026-05-04,SOLUSDT,long,83.97,83.89803,84.1965,83.89803,84.1965,84.256,84.123,loss,-2.4000833680701614
2026-05-04,BNBUSDT,long,623.0,622.6885000000001,623.7798750000001,623.7798750000001,623.7798750000001,624.00675,623.5227500000001,win,0.1036115569825693
2026-05-04,XRPUSDT,long,1.3936,1.3923035000000001,1.39748875,1.3923035000000001,1.39748875,1.3989399999999999,1.3968975,loss,-2.2898727342847995
2026-05-05,BTCUSDT,long,81330.0,81155.402,81397.044375,81397.044375,81397.044375,81498.04125000001,81360.6855,win,-0.17498267448655
2026-05-05,ETHUSDT,long,2381.81,2379.54963,2391.40625,2379.54963,2391.40625,2392.9875,2387.8125,loss,-2.264470860965259
2026-05-05,SOLUSDT,long,85.39,85.33731,85.668125,85.668125,85.668125,85.751,85.4975,win,3.3337825014235785
2026-05-05,BNBUSDT,long,630.9,630.3946450000001,631.202625,631.202625,631.202625,631.91925,630.96375,win,-0.8992787248569023
2026-05-05,XRPUSDT,long,1.4122,1.4114939,1.41433125,1.41433125,1.41433125,1.4154,1.4133749999999998,win,0.6183401784452376
2026-05-06,BTCUSDT,long,81735.6,81572.103545,81900.193375,81572.103545,81900.193375,81985.6125,81837.0575,loss,-1.5999073190914124
2026-05-06,ETHUSDT,long,2369.09,2363.8274950000005,2376.8801249999997,2363.8274950000005,2376.8801249999997,2383.2915,2375.7855,loss,-1.5402195342332532
2026-05-06,SOLUSDT,long,88.31,88.065945,88.707875,88.065945,88.707875,88.79925,88.5305,loss,-1.434213599393574
2026-05-06,BNBUSDT,long,647.29,645.65701,648.879875,645.65701,648.879875,649.97825,648.539,loss,-1.475659985670472
2026-05-06,XRPUSDT,long,1.424,1.4201895500000001,1.42605625,1.4201895500000001,1.42605625,1.4285875,1.4242750000000002,loss,-1.4484509703578554
2026-05-07,BTCUSDT,long,80482.91,80220.84951,80656.01237499999,80656.01237499999,80656.01237499999,80818.31874999999,80611.74699999999,win,0.2920046551083936
2026-05-07,ETHUSDT,long,2314.57,2305.8564950000005,2316.1942500000005,2316.1942500000005,2316.1942500000005,2319.87,2315.3070000000002,win,-0.13235018514360591
2026-05-07,SOLUSDT,long,88.68,88.39578,89.05612500000001,88.39578,89.05612500000001,89.1345,88.9695,loss,-1.3744141861937873
2026-05-07,BNBUSDT,long,647.12,645.1472650000001,647.484125,645.1472650000001,647.484125,648.365,647.15,loss,-1.3936382737671418
2026-05-07,XRPUSDT,long,1.4013,1.3963015,1.40437875,1.3963015,1.40437875,1.4068475,1.403095,loss,-1.3364129238771696
2026-05-08,BTCUSDT,short,79834.24,79876.488285,79627.303875,79876.488285,79627.303875,79757.18675000001,79579.78575,loss,-3.267573417477493
2026-05-08,ETHUSDT,short,2280.86,2282.12049,2272.813125,2282.12049,2272.813125,2276.5792500000002,2271.3295,loss,-3.1714031844764583
2026-05-08,SOLUSDT,short,88.62,88.66431,88.1335,88.66431,88.1335,88.4,88.01,loss,-3.4000000000002246
2026-05-08,BNBUSDT,short,638.43,639.29949,637.77725,639.29949,637.77725,638.3795,637.5765,loss,-1.88110961598174
2026-05-08,XRPUSDT,short,1.3865,1.3886939999999999,1.38442875,1.3886939999999999,1.38442875,1.38516,1.3838925,loss,-1.7583409298086354
2026-05-09,BTCUSDT,short,80391.18,80431.37558999998,80340.98125,80340.98125,80340.98125,80368.61,80318.7,win,-1.151137873583081
2026-05-09,ETHUSDT,long,2312.5,2310.993925,2314.2695,2314.2695,2314.2695,2314.77,2312.5370000000003,win,-0.6676294341253026
2026-05-09,SOLUSDT,short,93.39,93.46670999999999,93.222625,93.46670999999999,93.222625,93.26650000000001,93.15175,loss,-2.4609307782559324
2026-05-09,BNBUSDT,short,649.36,649.78473,649.025625,649.025625,649.025625,649.20375,648.72875,win,-1.0473877522191164
2026-05-09,XRPUSDT,short,1.4192,1.42000965,1.4185775,1.4185775,1.4185775,1.418805,1.41757,win,-1.3345766689312473
2026-05-10,BTCUSDT,long,80933.19,80873.333105,80948.128625,80948.128625,80948.128625,80973.8315,80939.561,win,-1.3729613438852561
2026-05-10,ETHUSDT,long,2328.11,2326.246295,2329.419625,2329.419625,2329.419625,2329.86975,2328.34625,win,-0.796320769649684
2026-05-10,SOLUSDT,short,93.87,93.98697,93.721125,93.721125,93.721125,93.7615,93.6475,win,0.3097460887407492
2026-05-10,BNBUSDT,short,651.32,652.0058399999999,650.9079999999999,650.9079999999999,650.9079999999999,651.256,650.56,win,-0.5388778723899471
2026-05-10,XRPUSDT,long,1.431,1.43018455,1.4328937499999999,1.4328937499999999,1.4328937499999999,1.4334624999999999,1.43145,win,0.21650622355732202
2026-05-11,BTCUSDT,short,81187.82,81254.4069,80860.842875,80860.842875,80860.842875,81084.12975000001,80739.63,win,3.4474009302133433
2026-05-11,ETHUSDT,short,2325.84,2327.773305,2318.282625,2327.773305,2318.282625,2323.27425,2315.5095,loss,-2.443645984467
2026-05-11,SOLUSDT,short,95.23,95.297625,94.77850000000001,95.297625,94.77850000000001,95.181,94.60600000000001,loss,-2.689848428835677
2026-05-11,BNBUSDT,short,655.43,655.76772,654.080875,654.080875,654.080875,654.6155,652.39475,win,1.6659037072124396
2026-05-11,XRPUSDT,short,1.4644,1.46583255,1.4611625,1.46583255,1.4611625,1.46295,1.455525,loss,-2.2266796970436578
2026-05-12,BTCUSDT,long,80466.91,80356.87146500002,80644.282375,80644.282375,80644.282375,80712.13525,80588.23,win,0.7343980270184681
2026-05-12,ETHUSDT,long,2277.46,2274.5621499999997,2279.40725,2279.40725,2279.40725,2283.8045,2278.741,win,-0.27113273633892515
2026-05-12,SOLUSDT,long,94.7,94.502725,94.875375,94.875375,94.875375,95.1205,94.82900000000001,win,0.31293879102775823
2026-05-12,BNBUSDT,long,657.14,656.0718,659.9575,656.0718,659.9575,660.419,658.644,loss,-1.7382213068714183
2026-05-12,XRPUSDT,long,1.4445,1.4427782500000002,1.44761,1.4427782500000002,1.44761,1.4495,1.4459,loss,-2.0067663714245723
2026-05-13,BTCUSDT,long,79749.07,79553.52334000001,79882.125,79553.52334000001,79882.125,80027.25,79780.0,loss,-1.4893915549363186
2026-05-13,ETHUSDT,long,2266.11,2258.92997,2270.1818749999998,2258.92997,2270.1818749999998,2274.6365,2267.0,loss,-1.3787354648936012
2026-05-13,SOLUSDT,long,92.4,92.05395,92.895375,92.05395,92.895375,93.045,92.74575,loss,-1.3204161248374462
2026-05-13,BNBUSDT,long,669.85,668.92537,672.4575,668.92537,672.4575,673.035,672.1,loss,-1.869342331527225
2026-05-13,XRPUSDT,long,1.4284,1.4246873,1.4304474999999999,1.4246873,1.4304474999999999,1.4323,1.4293749999999998,loss,-1.4616801788455962
2026-05-14,BTCUSDT,long,79701.73,79631.04456000001,79931.783375,79931.783375,79931.783375,79956.66925,79786.02325,win,1.9015415197249774
2026-05-14,ETHUSDT,short,2256.87,2263.1209949999998,2252.6025,2252.6025,2252.6025,2256.11,2249.705,win,0.24944124895316006
2026-05-14,SOLUSDT,long,90.78,90.69463,91.23375000000001,90.69463,91.23375000000001,91.34,91.0025,loss,-2.276045449221075
2026-05-14,BNBUSDT,short,676.08,677.3385,674.793625,674.793625,674.793625,675.14625,673.9527499999999,win,0.37749622566551755
2026-05-14,XRPUSDT,long,1.4423,1.4405793500000001,1.446825,1.446825,1.446825,1.4493,1.4452500000000001,win,1.6239444396015976
2026-05-15,BTCUSDT,long,79071.97,78659.340655,79660.7315,78659.340655,79660.7315,80015.48,79305.983,loss,-1.2299554434258704
2026-05-15,ETHUSDT,long,2225.08,2209.204845,2239.707875,2209.204845,2239.707875,2243.56075,2229.33475,loss,-1.168193381418956
2026-05-15,SOLUSDT,long,89.35,88.645655,89.83675,88.645655,89.83675,90.49,89.45150000000001,loss,-1.152226536711415
2026-05-15,BNBUSDT,long,674.06,670.314675,677.438875,670.314675,677.438875,677.85825,674.50325,loss,-1.215968440656019
2026-05-15,XRPUSDT,long,1.4389,1.4282855,1.4485225,1.4282855,1.4485225,1.4517849999999999,1.4413449999999999,loss,-1.1626718168543035
2026-05-16,BTCUSDT,short,77953.64,78000.45073499999,77883.771875,78000.45073499999,77883.771875,77904.29375,77833.4,loss,-2.9983528991804187
2026-05-16,ETHUSDT,short,2178.82,2181.0799949999996,2175.8689999999997,2181.0799949999996,2175.8689999999997,2177.894,2173.52,loss,-2.1568981347306755
2026-05-16,SOLUSDT,long,86.1,86.03696000000001,86.179,86.179,86.179,86.27799999999999,86.11,win,-0.38578680203041577
2026-05-16,BNBUSDT,long,652.28,651.723975,652.798125,651.723975,652.798125,653.04675,652.4325,loss,-2.40773526370223
2026-05-16,XRPUSDT,long,1.4103,1.40939495,1.41362125,1.40939495,1.41362125,1.4146275000000001,1.4134775000000002,loss,-2.86990773990372
2026-05-17,BTCUSDT,long,78212.27,78160.90000000001,78258.171625,78258.171625,78258.171625,78285.02125,78250.0,win,-0.9334845045747664
2026-05-17,ETHUSDT,long,2191.27,2189.7245900000003,2193.715,2193.715,2193.715,2193.94,2191.7799999999997,win,-0.11940132392042871
2026-05-17,SOLUSDT,long,86.43,86.37679,86.51775,86.51775,86.51775,86.5515,86.4435,win,-0.30005638037959226
2026-05-17,BNBUSDT,long,653.22,652.83342,653.8585,653.8585,653.8585,654.105,653.438,win,-0.3760256609239621
2026-05-17,XRPUSDT,long,1.4186,1.417291,1.4194175000000002,1.4194175000000002,1.4194175000000002,1.4201650000000001,1.4188,win,-0.6759511077157061
2026-05-18,BTCUSDT,long,76695.04,76637.352155,76887.788125,76637.352155,76887.788125,77156.7225,76789.3975,loss,-2.595380239979687
2026-05-18,ETHUSDT,long,2120.3,2113.8825300000003,2127.315625,2127.315625,2127.315625,2134.9465,2121.3805,win,0.6967332920917578
2026-05-18,SOLUSDT,long,84.42,84.29783,84.60675,84.60675,84.60675,84.94500000000001,84.494,win,0.6994024719653402
2026-05-18,BNBUSDT,long,638.43,637.9008900000001,640.842875,637.9008900000001,640.842875,641.49775,639.07975,loss,-2.447933321993995
2026-05-18,XRPUSDT,short,1.3883,1.3908951,1.385805,1.385805,1.385805,1.38663,1.3797000000000001,win,0.3194636044854335
2026-05-19,BTCUSDT,short,76969.4,77009.04527999999,76646.931,77009.04527999999,76646.931,76935.54000000001,76596.0,loss,-3.329742153416673
2026-05-19,ETHUSDT,long,2113.48,2109.4547450000005,2118.358625,2118.358625,2118.358625,2127.53,2115.632,win,0.5819380387081278
2026-05-19,SOLUSDT,long,84.52,84.42776500000001,84.86712499999999,84.42776500000001,84.86712499999999,85.1,84.66874999999999,loss,-2.099625955440051
2026-05-19,BNBUSDT,long,639.26,638.66051,639.92075,639.92075,639.92075,641.716,639.712,win,-0.1774208076865372
2026-05-19,XRPUSDT,long,1.374,1.3721136,1.3785937499999998,1.3721136,1.3785937499999998,1.382,1.3743699999999999,loss,-1.874045801526687
2026-05-20,BTCUSDT,short,77204.61,77243.212305,77057.43549999999,77057.43549999999,77057.43549999999,77184.45700000001,76968.05,win,1.4125832123241877
2026-05-20,ETHUSDT,short,2122.69,2127.36315,2119.543125,2119.543125,2119.543125,2122.16325,2115.69,win,0.12831751602236158
2026-05-20,SOLUSDT,short,84.61,84.78236999999999,84.422,84.78236999999999,84.422,84.526,84.25399999999999,loss,-1.5890352149446418
2026-05-20,BNBUSDT,short,643.15,643.96182,642.3507500000001,642.3507500000001,642.3507500000001,643.0405,642.017,win,0.03383755019575153
2026-05-20,XRPUSDT,short,1.3643,1.36498215,1.36227125,1.36227125,1.36227125,1.3642050000000001,1.36011,win,0.5740526277213569
2026-05-21,BTCUSDT,short,77200.31,77279.44041,76920.596375,76920.596375,76920.596375,77181.31575,76838.656,win,2.3641132783213035
2026-05-21,ETHUSDT,short,2119.52,2122.3006199999995,2108.586625,2122.3006199999995,2108.586625,2115.279,2106.9587500000002,loss,-1.9146967223138784
2026-05-21,SOLUSDT,short,85.9,86.03299499999999,85.791625,85.791625,85.791625,85.87825,85.51249999999999,win,0.03981352682439367
2026-05-21,BNBUSDT,short,650.74,651.62565,649.5930000000001,649.5930000000001,649.5930000000001,650.6,647.95,win,0.41338226161571595
2026-05-21,XRPUSDT,long,1.3546,1.3539227,1.36272375,1.3539227,1.36272375,1.36387,1.3569925,loss,-3.400000000000029
2026-05-22,BTCUSDT,short,77290.01,77328.655005,77266.209375,77266.209375,77266.209375,77281.23375,77179.068,win,-1.7841215701748196
2026-05-22,ETHUSDT,long,2125.49,2123.787575,2130.20875,2123.787575,2130.20875,2130.9700000000003,2126.6200000000003,loss,-2.498208731662233
2026-05-22,SOLUSDT,long,87.1,87.01647000000001,87.398125,87.01647000000001,87.398125,87.4825,87.24624999999999,loss,-2.251286962768139
2026-05-22,BNBUSDT,short,663.99,664.332,662.9817499999999,662.9817499999999,662.9817499999999,663.3905,662.4095,win,0.6183099415207566
2026-05-22,XRPUSDT,long,1.3571,1.35582175,1.36325875,1.35582175,1.36325875,1.3653575,1.36116,loss,-2.274023078427612
2026-05-23,BTCUSDT,short,75251.2,75300.49143,74914.33812500001,75300.49143,74914.33812500001,74993.381,74904.69875,loss,-2.831990672618031
2026-05-23,ETHUSDT,short,2044.71,2046.6728249999999,2038.834625,2046.6728249999999,2038.834625,2041.6605,2038.45275,loss,-2.2500615184747503
2026-05-23,SOLUSDT,short,83.32,83.411685,83.230875,83.411685,83.230875,83.31224999999999,83.10300000000001,loss,-2.090516442165964
2026-05-23,BNBUSDT,short,643.16,643.6216499999999,641.7325000000001,643.6216499999999,641.7325000000001,641.96,641.4,loss,-2.67181197877193
2026-05-23,XRPUSDT,short,1.3353,1.33676805,1.33256375,1.33256375,1.33256375,1.333915,1.3319175,win,0.7723783249887655
2026-05-24,BTCUSDT,long,76785.43,76747.037285,76961.13162500001,76747.037285,76961.13162500001,77001.319,76899.793,loss,-3.400000000000344
2026-05-24,ETHUSDT,long,2108.92,2107.8655400000002,2116.6397500000003,2116.6397500000003,2116.6397500000003,2118.532,2115.4,win,4.921045843371028
2026-05-24,SOLUSDT,long,85.91,85.867045,86.24225,85.867045,86.24225,86.2615,86.146,loss,-3.4000000000004422
2026-05-24,BNBUSDT,long,657.76,657.4311200000001,659.69175,657.4311200000001,659.69175,660.0854999999999,659.3294999999999,loss,-3.400000000000636
2026-05-24,XRPUSDT,long,1.358,1.35662135,1.3622825,1.35662135,1.3622825,1.36251,1.361795,loss,-2.1820258948970555
2026-05-25,BTCUSDT,short,77346.71,77388.675,77323.6525,77323.6525,77323.6525,77342.685,77316.205,win,-1.662303157392968
2026-05-25,ETHUSDT,short,2119.76,2120.9299349999997,2116.24625,2116.24625,2116.24625,2116.65,2115.7575,win,0.8291383709355956
2026-05-25,SOLUSDT,short,85.96,86.03299499999999,85.84049999999999,86.03299499999999,85.84049999999999,85.872,85.818,loss,-2.4131378861567465
2026-05-25,BNBUSDT,short,671.97,672.3159899999999,671.3226249999999,672.3159899999999,671.3226249999999,671.8,670.5939999999999,loss,-3.330599150265029
2026-05-25,XRPUSDT,short,1.3582,1.35897915,1.35640875,1.35897915,1.35640875,1.357065,1.3561725,loss,-3.0918180068027143
2026-05-26,BTCUSDT,short,77177.49,77502.742005,76824.5475,77502.742005,76824.5475,76873.824,76737.36600000001,loss,-1.284742250858695
2026-05-26,ETHUSDT,short,2124.16,2132.5657499999998,2113.0856249999997,2132.5657499999998,2113.0856249999997,2116.55125,2111.2835,loss,-1.3032438509353752
2026-05-26,SOLUSDT,short,85.45,85.812885,84.83699999999999,85.812885,84.83699999999999,85.03999999999999,84.732,loss,-1.282568857902648
2026-05-26,BNBUSDT,short,663.37,665.43255,662.266875,665.43255,662.266875,662.53125,661.47375,loss,-1.38595137087586
2026-05-26,XRPUSDT,short,1.3551,1.3610802,1.35074375,1.3610802,1.35074375,1.3516375,1.3490250000000001,loss,-1.2719173271796933
2026-05-27,BTCUSDT,short,75218.76,75311.747055,74964.84025000001,74964.84025000001,74964.84025000001,75150.9025,74891.543,win,1.7600002279884817
2026-05-27,ETHUSDT,short,2070.7,2072.89593,2057.286125,2057.286125,2057.286125,2065.1485000000002,2052.9745000000003,win,4.97695054031693
2026-05-27,SOLUSDT,short,83.63,83.691825,83.18375,83.691825,83.18375,83.4725,83.0,loss,-2.6232268499798104
2026-05-27,BNBUSDT,short,653.64,654.1168949999999,652.37725,652.37725,652.37725,652.8874999999999,650.925,win,1.0031180867907685
2026-05-27,XRPUSDT,short,1.3239,1.3250621999999999,1.32067125,1.3250621999999999,1.32067125,1.3238874999999999,1.3193225,loss,-2.366959215281622
2026-05-28,BTCUSDT,short,72992.65,73120.071765,72944.68,72944.68,72944.68,72969.4,72821.08,win,-0.31094515132478995
2026-05-28,ETHUSDT,long,1976.77,1972.59321,1983.8145,1972.59321,1983.8145,1984.26,1978.023,loss,-1.567929917472511
2026-05-28,SOLUSDT,long,80.48,80.24985500000001,80.79350000000001,80.24985500000001,80.79350000000001,80.839,80.644,loss,-1.4196311021312775
2026-05-28,BNBUSDT,short,631.75,632.646165,630.396125,630.396125,630.396125,630.66475,629.36,win,0.6648050303236779
2026-05-28,XRPUSDT,short,1.298,1.30034985,1.29275875,1.29275875,1.29275875,1.2938450000000001,1.290685,win,1.5676106985553464
2026-05-29,BTCUSDT,short,73169.62,73234.76908499999,72986.788125,72986.788125,72986.788125,73164.5225,72900.46,win,1.4586287896444425
2026-05-29,ETHUSDT,short,1998.17,2002.5407699999998,1989.430625,1989.430625,1989.430625,1994.40875,1988.5087500000002,win,1.4509047604885292
2026-05-29,SOLUSDT,short,81.44,81.61078499999999,81.195625,81.195625,81.195625,81.41875,81.1,win,0.8586644026114422
2026-05-29,BNBUSDT,short,636.5,636.8682749999999,635.1125,635.1125,635.1125,636.341,634.9549999999999,win,1.6935713800832828
2026-05-29,XRPUSDT,short,1.3066,1.3073533499999999,1.30077,1.3073533499999999,1.30077,1.30302,1.29888,loss,-3.081263688856786
2026-05-30,BTCUSDT,short,73819.37,73856.27968499999,73694.35125,73856.27968499999,73694.35125,73729.637,73676.1,loss,-3.4000000000005564
2026-05-30,ETHUSDT,short,2020.53,2021.5402649999999,2019.1546250000001,2021.5402649999999,2019.1546250000001,2019.2742500000002,2017.9185,loss,-3.4000000000002606
2026-05-30,SOLUSDT,short,82.48,82.52124,82.362125,82.52124,82.362125,82.39375,82.2845,loss,-3.399999999999887
2026-05-30,BNBUSDT,short,674.63,675.067365,673.21225,675.067365,673.21225,673.768,672.97,loss,-2.8509848753329607
2026-05-30,XRPUSDT,short,1.3407,1.3414704,1.3388875,1.3414704,1.3388875,1.33961,1.3374,loss,-3.088317757009485
2026-05-31,BTCUSDT,long,73868.61,73770.526285,73897.085625,73770.526285,73897.085625,73963.275,73887.63,loss,-1.9037415844210164
2026-05-31,ETHUSDT,long,2021.0,2018.7701100000002,2022.5498750000002,2018.7701100000002,2022.5498750000002,2024.8435,2022.2,loss,-2.0875872800901267
2026-05-31,SOLUSDT,long,82.72,82.61867,82.820625,82.61867,82.820625,82.96125,82.78625,loss,-1.9796111714200701
2026-05-31,BNBUSDT,long,725.21,724.6375,728.0715,728.0715,728.0715,731.406,726.96,win,3.4781624454148643
2026-05-31,XRPUSDT,long,1.3424,1.3416288500000002,1.3443174999999998,1.3416288500000002,1.3443174999999998,1.34636,1.3437,loss,-3.0889321143750914
2026-06-01,BTCUSDT,long,71603.42,71544.21,71716.203875,71716.203875,71716.203875,71933.6575,71639.80125,win,0.4536357203177162
2026-06-01,ETHUSDT,long,1972.37,1969.324845,1977.784375,1969.324845,1977.784375,1980.68525,1973.62225,loss,-1.777249105546404
2026-06-01,SOLUSDT,long,79.74,79.630165,80.45375,79.630165,80.45375,80.5475,80.31,loss,-1.8711977056494649
2026-06-01,BNBUSDT,long,681.53,679.44011,688.7725,679.44011,688.7725,690.285,687.865,loss,-1.3913296872084235
2026-06-01,XRPUSDT,long,1.2914,1.289355,1.2967,1.289355,1.2967,1.2993999999999999,1.2955999999999999,loss,-1.757789731051317
2026-06-02,BTCUSDT,long,68795.93,68747.88886,68882.08162499999,68747.88886,68882.08162499999,68962.35425,68818.7085,loss,-2.7184254162166632
2026-06-02,ETHUSDT,long,1970.62,1968.705155,1976.0038749999999,1968.705155,1976.0038749999999,1979.532,1973.04025,loss,-2.234953220756909
2026-06-02,SOLUSDT,long,78.89,78.79058500000001,79.093125,78.79058500000001,79.093125,79.162,79.01700000000001,loss,-1.952250666398494
2026-06-02,BNBUSDT,short,675.57,676.327995,674.6225,674.6225,674.6225,675.203,672.107,win,0.18049723283150415
2026-06-02,XRPUSDT,long,1.2581,1.25687125,1.26283875,1.25687125,1.26283875,1.26462,1.2614850000000002,loss,-2.2286632756867837
2026-06-03,BTCUSDT,long,66777.11,66718.61400500001,66960.83725000001,66718.61400500001,66960.83725000001,67144.582,66848.2195,loss,-2.369880655932315
2026-06-03,ETHUSDT,long,1863.11,1861.2689000000003,1871.5788750000002,1861.2689000000003,1871.5788750000002,1875.95075,1867.55675,loss,-2.2143457715498536
2026-06-03,SOLUSDT,long,74.71,74.432765,74.927375,74.432765,74.927375,75.14,74.71475000000001,loss,-1.323379082727661
2026-06-03,BNBUSDT,short,633.73,634.3570199999999,631.08175,634.3570199999999,631.08175,633.5435,630.91,loss,-2.2128416956398818
2026-06-03,XRPUSDT,long,1.2264,1.22568685,1.2320462499999998,1.2320462499999998,1.2320462499999998,1.2328425,1.2273824999999998,win,5.853705391572885
2026-06-04,BTCUSDT,short,64230.0,64262.115,63810.96575,63810.96575,63810.96575,64139.022,63692.8655,win,10.647929316519342
2026-06-04,ETHUSDT,short,1787.5,1792.605855,1778.4582500000001,1792.605855,1778.4582500000001,1787.202,1775.3105,loss,-1.4201059372034637
2026-06-04,SOLUSDT,short,70.51,70.67532,70.04375,70.04375,70.04375,70.4825,69.93,win,2.3084805226228875
2026-06-04,BNBUSDT,long,601.85,600.849425,603.463125,603.463125,603.463125,605.0425,601.88375,win,0.8903930240111385
2026-06-04,XRPUSDT,long,1.1747,1.1722136,1.17654625,1.17654625,1.17654625,1.1823175,1.1750500000000001,win,0.1755992599741905
2026-06-05,BTCUSDT,long,61242.72,61069.450000000004,62187.766625000004,61069.450000000004,62187.766625000004,62277.21175,61838.1175,loss,-1.4241430368788675
2026-06-05,ETHUSDT,long,1632.85,1627.52583,1662.050625,1627.52583,1662.050625,1671.3125,1654.06625,loss,-1.3680235604798585
2026-06-05,SOLUSDT,long,65.17,64.92752,66.60050000000001,64.92752,66.60050000000001,66.83,66.155,loss,-1.3225173210161656
2026-06-05,BNBUSDT,long,587.2,585.157275,594.1781249999999,585.157275,594.1781249999999,595.5405,592.167,loss,-1.3449509845916574
2026-06-05,XRPUSDT,long,1.1126,1.1093450500000002,1.1327025,1.1093450500000002,1.1327025,1.1379,1.12701,loss,-1.4101814159971904
2026-06-06,BTCUSDT,short,60951.63,60982.11582,60783.15925,60982.11582,60783.15925,60850.045,60750.955,loss,-3.3992123551210343
2026-06-06,ETHUSDT,short,1562.05,1563.251235,1557.0575,1563.251235,1557.0575,1561.199,1555.6770000000001,loss,-2.560444043005744
2026-06-06,SOLUSDT,short,62.7,62.73135,62.315,62.73135,62.315,62.46,62.29,loss,-3.40000000000029
2026-06-06,BNBUSDT,short,576.23,576.518115,575.3702499999999,575.3702499999999,575.3702499999999,575.7145,574.1845000000001,win,0.5840515072110332
2026-06-06,XRPUSDT,short,1.0985,1.0996495499999999,1.09421,1.0996495499999999,1.09421,1.0968,1.0931600000000001,loss,-2.146709582010519
2026-06-07,BTCUSDT,short,61935.41,61982.185605,61724.94725,61982.185605,61724.94725,61814.204,61676.0,loss,-2.5889156751688733
2026-06-07,ETHUSDT,short,1619.24,1621.9305599999998,1617.53075,1621.9305599999998,1617.53075,1619.1505,1615.911,loss,-1.722187202664189
2026-06-07,SOLUSDT,long,64.25,64.217875,64.327625,64.327625,64.327625,64.382,64.25150000000001,win,0.01634241245129079
2026-06-07,BNBUSDT,short,588.89,590.17494,587.81875,590.17494,587.81875,588.1800000000001,587.33,loss,-1.5499618659236982
2026-06-07,XRPUSDT,long,1.1215,1.12073935,1.1227875,1.1227875,1.1227875,1.12334,1.121725,win,-0.0766449746925631
2026-06-08,BTCUSDT,short,63704.01,63905.937,63557.377875,63557.377875,63557.377875,63632.484749999996,63452.22825,win,0.34758755887031006
2026-06-08,ETHUSDT,long,1679.07,1675.7117250000001,1684.52725,1684.52725,1684.52725,1686.357,1681.5715,win,1.0250399386590858
2026-06-08,SOLUSDT,long,66.53,66.416775,66.712125,66.712125,66.712125,66.812,66.5535,win,0.903413557076611
2026-06-08,BNBUSDT,short,601.34,601.8307649999999,600.068125,601.8307649999999,600.068125,600.64,599.2675,loss,-2.4703738041631977
2026-06-08,XRPUSDT,short,1.1638,1.1670832500000001,1.16082375,1.16082375,1.16082375,1.1624649999999999,1.1581724999999998,win,0.48113606944333065
2026-06-09,BTCUSDT,long,62133.7,62076.06644000001,62227.4,62227.4,62227.4,62388.4,62167.6,win,0.33209053891532186
2026-06-09,ETHUSDT,long,1665.29,1661.518825,1667.7125,1667.7125,1667.7125,1671.668,1665.808,win,0.11247210749968999
2026-06-09,SOLUSDT,short,65.91,66.25310999999999,65.740625,65.740625,65.740625,65.88125,65.65625,win,0.26313135729067466
2026-06-09,BNBUSDT,long,593.38,592.7734650000001,593.9606249999999,593.9606249999999,593.9606249999999,594.7742499999999,593.43,win,-0.2166915347013477
2026-06-09,XRPUSDT,long,1.1511,1.15052445,1.1582000000000001,1.15052445,1.1582000000000001,1.1587,1.1555000000000002,loss,-3.4000000000000825
2026-06-10,BTCUSDT,short,62302.0,62374.031429999995,62126.435,62374.031429999995,62126.435,62225.66,61718.51,loss,-2.0379135885543955
2026-06-10,ETHUSDT,long,1647.04,1645.786695,1659.8287500000001,1645.786695,1659.8287500000001,1667.5,1647.3125,loss,-2.5769888415031224
2026-06-10,SOLUSDT,long,64.71,64.55770500000001,65.127875,65.127875,65.127875,65.47,64.756,win,2.2339735381992307
2026-06-10,BNBUSDT,short,595.52,596.0978999999999,594.129625,596.0978999999999,594.129625,595.2585,590.3325,loss,-2.2365876449215105
2026-06-10,XRPUSDT,long,1.1233,1.1219387500000002,1.13095375,1.1219387500000002,1.13095375,1.1331025,1.12403,loss,-1.9902369146007266
2026-06-11,BTCUSDT,short,63166.83,63271.049714999994,62781.573,62781.573,62781.573,62849.536,62706.456,win,2.969273174466355
2026-06-11,ETHUSDT,short,1657.39,1660.3497599999998,1647.234375,1647.234375,1647.234375,1649.4,1645.89375,win,2.759263251074694
2026-06-11,SOLUSDT,short,65.59,65.77287,65.206875,65.206875,65.206875,65.35375,65.107,win,1.6646634221032244
2026-06-11,BNBUSDT,short,602.13,603.2914949999999,599.4728749999999,599.4728749999999,599.4728749999999,599.82625,598.54125,win,1.6655853017018203
2026-06-11,XRPUSDT,short,1.1188,1.12106025,1.10954375,1.10954375,1.10954375,1.1120625,1.108,win,3.501245437451651
2026-06-12,BTCUSDT,long,63161.37,63090.439000000006,63304.567624999996,63304.567624999996,63304.567624999996,63411.329,63218.14175,win,0.9502753521026971
2026-06-12,ETHUSDT,long,1656.64,1654.5922900000003,1661.841625,1654.5922900000003,1661.841625,1665.80625,1658.91125,loss,-1.9708249703327965
2026-06-12,SOLUSDT,short,66.92,67.11354,66.602,67.11354,66.602,66.866,66.56200000000001,loss,-1.4149219799524673
2026-06-12,BNBUSDT,short,606.64,607.58364,605.838125,607.58364,605.838125,606.27125,604.34625,loss,-1.7714467381628918
2026-06-12,XRPUSDT,long,1.129,1.12773585,1.1320925000000002,1.12773585,1.1320925000000002,1.1345150000000002,1.129925,loss,-2.0717082624689303
2026-06-13,BTCUSDT,long,64091.74,64053.27734,64231.149375,64231.149375,64231.149375,64239.081249999996,64180.15875,win,1.6249340789224436
2026-06-13,ETHUSDT,long,1677.53,1676.00158,1680.1287499999999,1680.1287499999999,1680.1287499999999,1680.7414999999999,1679.5805,win,0.3832153465669985
2026-06-13,SOLUSDT,long,67.93,67.856055,68.023,68.023,68.023,68.352,68.016,win,0.15530461829721964
2026-06-13,BNBUSDT,long,608.67,608.33568,609.685,608.33568,609.685,610.16,609.476,loss,-3.1847451543435743
2026-06-13,XRPUSDT,long,1.1509,1.1502246,1.1523675,1.1523675,1.1523675,1.152725,1.151555,win,0.12795380515243687
2026-06-14,BTCUSDT,short,64314.66,64348.057949999995,64293.3,64293.3,64293.3,64301.8,64257.6,win,-1.671287968273915
2026-06-14,ETHUSDT,short,1666.54,1667.79348,1665.531625,1665.531625,1665.531625,1666.4650000000001,1664.99125,win,-0.7909763219198138
2026-06-14,SOLUSDT,short,67.67,67.77386999999999,67.56625,67.77386999999999,67.56625,67.6525,67.5475,loss,-1.7817849234621224
2026-06-14,BNBUSDT,long,611.12,610.7944500000001,611.34375,611.34375,611.34375,611.51,611.3,win,-1.565332514207186
2026-06-14,XRPUSDT,long,1.1341,1.1328333,1.135485,1.135485,1.135485,1.13652,1.13445,win,0.01901002605191914
2026-06-15,BTCUSDT,long,66454.31,66410.268255,66788.15,66410.268255,66788.15,66886.0,66566.7,loss,-2.8106723972905496
2026-06-15,ETHUSDT,long,1809.58,1804.21744,1816.558125,1816.558125,1816.558125,1819.13625,1811.9175,win,0.8963310433822772
2026-06-15,SOLUSDT,long,73.46,73.233365,73.98575,73.233365,73.98575,74.1615,73.6065,loss,-1.388960222384031
2026-06-15,BNBUSDT,long,625.76,625.22723,629.82975,625.22723,629.82975,630.99,627.3045,loss,-2.409448730221223
2026-06-15,XRPUSDT,long,1.239,1.2377808,1.2449500000000002,1.2449500000000002,1.2449500000000002,1.2469000000000001,1.2409000000000001,win,3.6607611548551486
2026-06-16,BTCUSDT,short,66221.99,66259.113,66115.459,66259.113,66115.459,66136.27,65999.512,loss,-3.1406240874933724
2026-06-16,ETHUSDT,long,1798.14,1795.5117950000001,1803.09025,1803.09025,1803.09025,1806.822,1801.3055,win,1.0625053981709534
2026-06-16,SOLUSDT,long,73.96,73.90303,74.28037499999999,74.28037499999999,74.28037499999999,74.36,74.12725,win,4.065701246270466
2026-06-16,BNBUSDT,short,607.9,608.20395,605.8218750000001,605.8218750000001,605.8218750000001,607.06075,604.14575,win,4.437062016778904
2026-06-16,XRPUSDT,long,1.225,1.2239877,1.230255,1.230255,1.230255,1.2326700000000002,1.22805,win,3.739010174848668
2026-06-17,BTCUSDT,short,65345.99,65382.65499,65213.373625,65213.373625,65213.373625,65342.71,65071.7195,win,1.4782817887033584
2026-06-17,ETHUSDT,long,1761.25,1759.669725,1766.129375,1759.669725,1766.129375,1768.65625,1762.43625,loss,-2.337425448102363
2026-06-17,SOLUSDT,long,72.22,72.173895,72.523375,72.173895,72.523375,72.63175,72.37675,loss,-2.879709359071799
2026-06-17,BNBUSDT,long,609.15,608.67551,611.51675,608.67551,611.51675,612.158,610.448,loss,-2.5405593373940083
2026-06-17,XRPUSDT,long,1.201,1.1997998,1.20375125,1.1997998,1.20375125,1.20542,1.2016375,loss,-2.2007998666889006
2026-06-18,BTCUSDT,long,63935.99,63784.022035,64073.631125,63784.022035,64073.631125,64284.002,63965.25825,loss,-1.5048642192451673
2026-06-18,ETHUSDT,short,1741.33,1746.3327299999999,1732.980625,1732.980625,1732.980625,1740.0674999999999,1732.2475,win,1.2512726051576035
2026-06-18,SOLUSDT,short,71.16,71.41569,70.97562500000001,70.97562500000001,70.97562500000001,71.15375,70.75,win,0.38712112323512116
2026-06-18,BNBUSDT,short,591.3,592.6962,589.309,589.309,589.309,590.206,588.49,win,0.9178054719953916
2026-06-18,XRPUSDT,short,1.1638,1.16548245,1.1596125000000002,1.1596125000000002,1.1596125000000002,1.16313,1.1571,win,1.65885464649743
2026-06-19,BTCUSDT,short,63226.33,63350.529435,63060.4,63060.4,63060.4,63082.4,62959.2,win,0.7251112213191946
2026-06-19,ETHUSDT,short,1704.63,1706.562855,1699.090625,1699.090625,1699.090625,1703.0,1695.18125,win,1.8075949825519466
2026-06-19,SOLUSDT,short,69.33,69.444705,68.98162500000001,68.98162500000001,68.98162500000001,69.06,68.76075,win,2.311834706420718
2026-06-19,BNBUSDT,short,577.14,577.90881,574.2002500000001,577.90881,574.2002500000001,575.731,573.69,loss,-1.9008311546415535
2026-06-19,XRPUSDT,short,1.1408,1.14267105,1.1345337500000001,1.1345337500000001,1.1345337500000001,1.136795,1.13244,win,2.617401993533175
2026-06-20,BTCUSDT,long,63346.64,63314.966680000005,63380.025624999995,63380.025624999995,63380.025624999995,63411.0925,63354.87625,win,-1.3459385691178618
2026-06-20,ETHUSDT,long,1709.53,1708.1455,1718.404375,1708.1455,1718.404375,1719.31,1715.80825,loss,-2.4817161430120365
2026-06-20,SOLUSDT,short,71.19,71.29563,71.07662499999999,71.07662499999999,71.07662499999999,71.16,70.94975000000001,win,0.26457445801385554
2026-06-20,BNBUSDT,short,584.73,585.1824449999999,584.097625,584.097625,584.097625,584.56,583.77225,win,-0.15316999856334151
2026-06-20,XRPUSDT,long,1.1395,1.1387303500000001,1.1412187500000002,1.1412187500000002,1.1412187500000002,1.141725,1.14024,win,0.4565062041191248
2026-06-21,BTCUSDT,short,64108.75,64140.804375,64048.125625,64140.804375,64048.125625,64079.99,64020.01,loss,-3.4000000000000217
2026-06-21,ETHUSDT,short,1724.3,1725.2321849999998,1722.895125,1725.2321849999998,1722.895125,1723.7894999999999,1722.12,loss,-3.2196881520301694
2026-06-21,SOLUSDT,short,73.71,73.766865,73.507125,73.766865,73.507125,73.61025,73.47,loss,-2.5554734898443145
2026-06-21,BNBUSDT,short,588.22,588.51411,587.560125,588.51411,587.560125,587.6579999999999,587.3969999999999,loss,-3.4000000000005515
2026-06-21,XRPUSDT,short,1.143,1.1435715,1.1420875000000001,1.1435715,1.1420875000000001,1.14265,1.14175,loss,-3.4000000000002224
2026-06-22,BTCUSDT,short,65529.99,65622.55488,65279.5325,65622.55488,65279.5325,65452.01,65166.53,loss,-1.8495229292146398
2026-06-22,ETHUSDT,long,1769.19,1767.13599,1771.203,1771.203,1771.203,1778.5620000000001,1769.196,win,-0.053567412037953274
2026-06-22,SOLUSDT,short,74.91,74.987475,74.75562500000001,74.987475,74.75562500000001,74.8395,74.53450000000001,loss,-2.160271055178987
2026-06-22,BNBUSDT,short,601.91,602.551125,600.822625,600.822625,600.822625,601.3712499999999,600.21625,win,0.5694412166113606
2026-06-22,XRPUSDT,short,1.1613,1.16248095,1.1589625,1.16248095,1.1589625,1.159885,1.1564,loss,-2.1800330242601715
